{"coverage": 94.74885844748859, "raw_data": {"meta": {"format": 3, "version": "7.13.1", "timestamp": "2026-03-01T02:09:05.217767", "branch_coverage": false, "show_contexts": false}, "files": {"src/__init__.py": {"executed_lines": [], "summary": {"covered_lines": 0, "num_statements": 0, "percent_covered": 100.0, "percent_covered_display": "100", "missing_lines": 0, "excluded_lines": 0, "percent_statements_covered": 100.0, "percent_statements_covered_display": "100"}, "missing_lines": [], "excluded_lines": [], "functions": {"": {"executed_lines": [], "summary": {"covered_lines": 0, "num_statements": 0, "percent_covered": 100.0, "percent_covered_display": "100", "missing_lines": 0, "excluded_lines": 0, "percent_statements_covered": 100.0, "percent_statements_covered_display": "100"}, "missing_lines": [], "excluded_lines": [], "start_line": 1}}, "classes": {"": {"executed_lines": [], "summary": {"covered_lines": 0, "num_statements": 0, "percent_covered": 100.0, "percent_covered_display": "100", "missing_lines": 0, "excluded_lines": 0, "percent_statements_covered": 100.0, "percent_statements_covered_display": "100"}, "missing_lines": [], "excluded_lines": [], "start_line": 1}}}, "src/image_converter.py": {"executed_lines": [8, 9, 10, 11, 12, 13, 14, 15, 16, 17, 18, 20, 23, 27, 30, 33, 36, 39, 42, 45, 48, 51, 52, 58, 59, 63, 64, 65, 69, 70, 72, 78, 79, 85, 96, 97, 99, 102, 111, 114, 123, 124, 125, 126, 127, 128, 131, 143, 144, 145, 146, 148, 152, 155, 169, 170, 172, 173, 174, 175, 176, 179, 180, 181, 182, 183, 184, 185, 188, 202, 204, 205, 206, 208, 209, 212, 214, 215, 216, 217, 220, 223, 226, 235, 238, 244, 245, 246, 247, 250, 259, 267, 268, 269, 270, 271, 272, 274, 277, 286, 287, 288, 289, 290, 293, 308, 309, 311, 312, 313, 316, 317, 320, 321, 323, 324, 325, 327, 328, 329, 330, 332, 333, 334, 335, 337, 338, 339, 340, 342, 343, 344, 347, 374, 375, 376, 378, 379, 380, 383, 385, 388, 389, 390, 391, 392, 393, 394, 395, 396, 397, 400, 401, 402, 403, 405, 408, 431, 432, 433, 436, 437, 439, 442, 443, 444, 445, 448, 451, 452, 453, 454, 455, 457, 459, 460, 461, 463, 466, 467, 468, 469, 471, 474, 475, 479, 480, 481, 482, 483, 484, 485, 488, 489, 490, 491, 493, 494, 497, 514, 515, 517, 519, 520, 521, 524, 525, 526, 527, 528, 529, 530, 533, 542, 543, 544, 545, 546, 548, 549, 550, 551, 553, 554, 555, 556, 558, 559, 560, 561, 562, 563, 564, 565, 567, 570, 579, 580, 581, 590, 592, 593, 595, 597, 598, 599, 602, 629, 630, 631, 632, 635, 636, 637, 638, 639, 640, 641, 642, 643, 645, 646, 647, 648, 650, 652, 653, 654, 655, 657, 658, 659, 661, 662, 663, 664, 666, 667, 668, 669, 670, 671, 674, 676, 677, 678, 679, 680, 681, 682, 683, 686, 690, 691, 694, 697, 698, 701, 702, 705, 706, 708, 711, 720, 732, 735, 736, 737, 738, 740, 742, 745, 753, 755, 761, 763, 766, 778, 781, 784, 786, 787, 789, 792, 801, 802, 803, 804, 805, 807, 810, 817, 818, 819, 820, 821, 822, 823, 824, 825, 828, 829, 831, 836, 837, 838, 839, 844, 845, 846, 847, 848, 849, 850, 851, 852, 853, 854, 855, 857, 860, 861, 867, 874, 877, 878, 879, 881, 883, 884, 885, 886, 888, 891, 893, 894, 895, 898, 899, 900, 901, 904, 905, 906, 907, 908, 909, 910, 913, 914, 917, 918, 919, 920, 921, 922, 932, 933, 934, 937, 938, 944, 947, 949, 950, 951, 955, 956, 957, 960, 961, 962, 964, 965, 970], "summary": {"covered_lines": 415, "num_statements": 438, "percent_covered": 94.74885844748859, "percent_covered_display": "95", "missing_lines": 23, "excluded_lines": 0, "percent_statements_covered": 94.74885844748859, "percent_statements_covered_display": "95"}, "missing_lines": [73, 74, 75, 221, 594, 672, 687, 695, 782, 832, 833, 840, 841, 856, 858, 862, 864, 940, 941, 942, 966, 967, 971], "excluded_lines": [], "functions": {"_check_avif_support": {"executed_lines": [58, 59, 63, 64, 65], "summary": {"covered_lines": 5, "num_statements": 5, "percent_covered": 100.0, "percent_covered_display": "100", "missing_lines": 0, "excluded_lines": 0, "percent_statements_covered": 100.0, "percent_statements_covered_display": "100"}, "missing_lines": [], "excluded_lines": [], "start_line": 52}, "get_supported_formats": {"executed_lines": [85, 96, 97, 99], "summary": {"covered_lines": 4, "num_statements": 4, "percent_covered": 100.0, "percent_covered_display": "100", "missing_lines": 0, "excluded_lines": 0, "percent_statements_covered": 100.0, "percent_statements_covered_display": "100"}, "missing_lines": [], "excluded_lines": [], "start_line": 79}, "is_supported_format": {"executed_lines": [111], "summary": {"covered_lines": 1, "num_statements": 1, "percent_covered": 100.0, "percent_covered_display": "100", "missing_lines": 0, "excluded_lines": 0, "percent_statements_covered": 100.0, "percent_statements_covered_display": "100"}, "missing_lines": [], "excluded_lines": [], "start_line": 102}, "_normalize_format": {"executed_lines": [123, 124, 125, 126, 127, 128], "summary": {"covered_lines": 6, "num_statements": 6, "percent_covered": 100.0, "percent_covered_display": "100", "missing_lines": 0, "excluded_lines": 0, "percent_statements_covered": 100.0, "percent_statements_covered_display": "100"}, "missing_lines": [], "excluded_lines": [], "start_line": 114}, "_resolve_output_dir": {"executed_lines": [143, 144, 145, 146, 148], "summary": {"covered_lines": 5, "num_statements": 5, "percent_covered": 100.0, "percent_covered_display": "100", "missing_lines": 0, "excluded_lines": 0, "percent_statements_covered": 100.0, "percent_statements_covered_display": "100"}, "missing_lines": [], "excluded_lines": [], "start_line": 131}, "get_output_path": {"executed_lines": [169, 170, 172, 173, 174, 175, 176, 179, 180, 181, 182, 183, 184, 185], "summary": {"covered_lines": 14, "num_statements": 14, "percent_covered": 100.0, "percent_covered_display": "100", "missing_lines": 0, "excluded_lines": 0, "percent_statements_covered": 100.0, "percent_statements_covered_display": "100"}, "missing_lines": [], "excluded_lines": [], "start_line": 155}, "validate_input_path": {"executed_lines": [202, 204, 205, 206, 208, 209, 212, 214, 215, 216, 217, 220, 223], "summary": {"covered_lines": 13, "num_statements": 14, "percent_covered": 92.85714285714286, "percent_covered_display": "93", "missing_lines": 1, "excluded_lines": 0, "percent_statements_covered": 92.85714285714286, "percent_statements_covered_display": "93"}, "missing_lines": [221], "excluded_lines": [], "start_line": 188}, "_is_animated_image": {"executed_lines": [235], "summary": {"covered_lines": 1, "num_statements": 1, "percent_covered": 100.0, "percent_covered_display": "100", "missing_lines": 0, "excluded_lines": 0, "percent_statements_covered": 100.0, "percent_statements_covered_display": "100"}, "missing_lines": [], "excluded_lines": [], "start_line": 226}, "_get_animation_formats": {"executed_lines": [244, 245, 246, 247], "summary": {"covered_lines": 4, "num_statements": 4, "percent_covered": 100.0, "percent_covered_display": "100", "missing_lines": 0, "excluded_lines": 0, "percent_statements_covered": 100.0, "percent_statements_covered_display": "100"}, "missing_lines": [], "excluded_lines": [], "start_line": 238}, "_save_animated_image": {"executed_lines": [259, 267, 268, 269, 270, 271, 272, 274], "summary": {"covered_lines": 8, "num_statements": 8, "percent_covered": 100.0, "percent_covered_display": "100", "missing_lines": 0, "excluded_lines": 0, "percent_statements_covered": 100.0, "percent_statements_covered_display": "100"}, "missing_lines": [], "excluded_lines": [], "start_line": 250}, "_convert_transparent_to_rgb": {"executed_lines": [286, 287, 288, 289, 290], "summary": {"covered_lines": 5, "num_statements": 5, "percent_covered": 100.0, "percent_covered_display": "100", "missing_lines": 0, "excluded_lines": 0, "percent_statements_covered": 100.0, "percent_statements_covered_display": "100"}, "missing_lines": [], "excluded_lines": [], "start_line": 277},