{"coverage": 95.29411764705883, "raw_data": {"meta": {"format": 3, "version": "7.13.1", "timestamp": "2026-03-01T01:51:55.440184", "branch_coverage": false, "show_contexts": false}, "files": {"src/__init__.py": {"executed_lines": [], "summary": {"covered_lines": 0, "num_statements": 0, "percent_covered": 100.0, "percent_covered_display": "100", "missing_lines": 0, "excluded_lines": 0, "percent_statements_covered": 100.0, "percent_statements_covered_display": "100"}, "missing_lines": [], "excluded_lines": [], "functions": {"": {"executed_lines": [], "summary": {"covered_lines": 0, "num_statements": 0, "percent_covered": 100.0, "percent_covered_display": "100", "missing_lines": 0, "excluded_lines": 0, "percent_statements_covered": 100.0, "percent_statements_covered_display": "100"}, "missing_lines": [], "excluded_lines": [], "start_line": 1}}, "classes": {"": {"executed_lines": [], "summary": {"covered_lines": 0, "num_statements": 0, "percent_covered": 100.0, "percent_covered_display": "100", "missing_lines": 0, "excluded_lines": 0, "percent_statements_covered": 100.0, "percent_statements_covered_display": "100"}, "missing_lines": [], "excluded_lines": [], "start_line": 1}}}, "src/image_converter.py": {"executed_lines": [8, 9, 10, 11, 12, 13, 14, 15, 16, 17, 19, 22, 26, 29, 32, 35, 38, 41, 44, 47, 50, 51, 57, 58, 62, 63, 64, 68, 69, 71, 77, 78, 84, 95, 96, 98, 101, 110, 113, 122, 123, 124, 125, 126, 127, 130, 142, 143, 144, 145, 147, 151, 154, 168, 169, 171, 172, 173, 174, 175, 178, 179, 180, 181, 182, 183, 184, 187, 201, 203, 204, 205, 207, 208, 211, 213, 214, 215, 216, 219, 222, 225, 234, 237, 243, 244, 245, 246, 249, 258, 266, 267, 268, 269, 270, 271, 273, 276, 285, 286, 287, 288, 289, 292, 307, 308, 310, 311, 312, 315, 316, 319, 320, 322, 323, 324, 326, 327, 328, 329, 331, 332, 333, 334, 336, 337, 338, 339, 341, 342, 343, 346, 373, 374, 375, 377, 378, 379, 382, 384, 387, 388, 389, 390, 391, 392, 393, 394, 395, 396, 399, 400, 401, 402, 404, 407, 430, 431, 432, 435, 436, 438, 441, 442, 443, 444, 447, 450, 451, 452, 453, 454, 456, 458, 459, 460, 462, 465, 466, 470, 471, 472, 473, 474, 475, 476, 479, 480, 481, 482, 484, 485, 488, 505, 506, 508, 510, 511, 512, 515, 516, 517, 518, 519, 520, 521, 524, 533, 534, 535, 536, 537, 539, 540, 541, 542, 544, 545, 546, 547, 549, 550, 551, 552, 553, 554, 555, 556, 558, 561, 570, 571, 572, 581, 583, 584, 586, 588, 589, 590, 593, 620, 621, 622, 623, 626, 627, 628, 629, 630, 631, 632, 633, 634, 636, 637, 638, 639, 641, 643, 644, 645, 646, 648, 649, 650, 652, 653, 654, 655, 657, 658, 659, 660, 661, 662, 665, 667, 668, 669, 670, 671, 672, 673, 674, 677, 681, 682, 685, 688, 689, 692, 693, 696, 697, 699, 702, 711, 723, 726, 727, 728, 729, 731, 733, 736, 744, 746, 752, 754, 757, 769, 772, 775, 777, 778, 780, 783, 792, 793, 794, 795, 796, 798, 801, 808, 809, 810, 811, 812, 813, 814, 815, 816, 819, 820, 822, 827, 828, 829, 830, 835, 836, 837, 838, 839, 840, 841, 842, 843, 844, 845, 846, 848, 851, 852, 858, 865, 868, 869, 870, 872, 874, 875, 876, 877, 879, 882, 884, 885, 886, 889, 890, 891, 892, 895, 896, 897, 898, 899, 900, 901, 904, 905, 908, 909, 910, 911, 912, 922, 923, 925, 926, 928, 929, 930, 934, 935, 936, 939, 940, 941, 943, 944, 949], "summary": {"covered_lines": 405, "num_statements": 425, "percent_covered": 95.29411764705883, "percent_covered_display": "95", "missing_lines": 20, "excluded_lines": 0, "percent_statements_covered": 95.29411764705883, "percent_statements_covered_display": "95"}, "missing_lines": [72, 73, 74, 220, 585, 663, 678, 686, 773, 823, 824, 831, 832, 847, 849, 853, 855, 945, 946, 950], "excluded_lines": [], "functions": {"_check_avif_support": {"executed_lines": [57, 58, 62, 63, 64], "summary": {"covered_lines": 5, "num_statements": 5, "percent_covered": 100.0, "percent_covered_display": "100", "missing_lines": 0, "excluded_lines": 0, "percent_statements_covered": 100.0, "percent_statements_covered_display": "100"}, "missing_lines": [], "excluded_lines": [], "start_line": 51}, "get_supported_formats": {"executed_lines": [84, 95, 96, 98], "summary": {"covered_lines": 4, "num_statements": 4, "percent_covered": 100.0, "percent_covered_display": "100", "missing_lines": 0, "excluded_lines": 0, "percent_statements_covered": 100.0, "percent_statements_covered_display": "100"}, "missing_lines": [], "excluded_lines": [], "start_line": 78}, "is_supported_format": {"executed_lines": [110], "summary": {"covered_lines": 1, "num_statements": 1, "percent_covered": 100.0, "percent_covered_display": "100", "missing_lines": 0, "excluded_lines": 0, "percent_statements_covered": 100.0, "percent_statements_covered_display": "100"}, "missing_lines": [], "excluded_lines": [], "start_line": 101}, "_normalize_format": {"executed_lines": [122, 123, 124, 125, 126, 127], "summary": {"covered_lines": 6, "num_statements": 6, "percent_covered": 100.0, "percent_covered_display": "100", "missing_lines": 0, "excluded_lines": 0, "percent_statements_covered": 100.0, "percent_statements_covered_display": "100"}, "missing_lines": [], "excluded_lines": [], "start_line": 113}, "_resolve_output_dir": {"executed_lines": [142, 143, 144, 145, 147], "summary": {"covered_lines": 5, "num_statements": 5, "percent_covered": 100.0, "percent_covered_display": "100", "missing_lines": 0, "excluded_lines": 0, "percent_statements_covered": 100.0, "percent_statements_covered_display": "100"}, "missing_lines": [], "excluded_lines": [], "start_line": 130}, "get_output_path": {"executed_lines": [168, 169, 171, 172, 173, 174, 175, 178, 179, 180, 181, 182, 183, 184], "summary": {"covered_lines": 14, "num_statements": 14, "percent_covered": 100.0, "percent_covered_display": "100", "missing_lines": 0, "excluded_lines": 0, "percent_statements_covered": 100.0, "percent_statements_covered_display": "100"}, "missing_lines": [], "excluded_lines": [], "start_line": 154}, "validate_input_path": {"executed_lines": [201, 203, 204, 205, 207, 208, 211, 213, 214, 215, 216, 219, 222], "summary": {"covered_lines": 13, "num_statements": 14, "percent_covered": 92.85714285714286, "percent_covered_display": "93", "missing_lines": 1, "excluded_lines": 0, "percent_statements_covered": 92.85714285714286, "percent_statements_covered_display": "93"}, "missing_lines": [220], "excluded_lines": [], "start_line": 187}, "_is_animated_image": {"executed_lines": [234], "summary": {"covered_lines": 1, "num_statements": 1, "percent_covered": 100.0, "percent_covered_display": "100", "missing_lines": 0, "excluded_lines": 0, "percent_statements_covered": 100.0, "percent_statements_covered_display": "100"}, "missing_lines": [], "excluded_lines": [], "start_line": 225}, "_get_animation_formats": {"executed_lines": [243, 244, 245, 246], "summary": {"covered_lines": 4, "num_statements": 4, "percent_covered": 100.0, "percent_covered_display": "100", "missing_lines": 0, "excluded_lines": 0, "percent_statements_covered": 100.0, "percent_statements_covered_display": "100"}, "missing_lines": [], "excluded_lines": [], "start_line": 237}, "_save_animated_image": {"executed_lines": [258, 266, 267, 268, 269, 270, 271, 273], "summary": {"covered_lines": 8, "num_statements": 8, "percent_covered": 100.0, "percent_covered_display": "100", "missing_lines": 0, "excluded_lines": 0, "percent_statements_covered": 100.0, "percent_statements_covered_display": "100"}, "missing_lines": [], "excluded_lines": [], "start_line": 249}, "_convert_transparent_to_rgb": {"executed_lines": [285, 286, 287, 288, 289], "summary": {"covered_lines": 5, "num_statements": 5, "percent_covered": 100.0, "percent_covered_display": "100", "missing_lines": 0, "excluded_lines": 0, "percent_statements_covered": 100.0, "percent_statements_covered_display": "100"}, "missing_lines": [], "excluded_lines": [], "start_line": 276}, "convert_image": {"executed_lines": [307, 308, 310, 311, 312, 315, 316, 319, 320, 322, 323, 324, 326, 327, 328, 329, 331, 332, 333, 334, 336, 337, 338, 339, 341, 342, 343], "summary": {"covered_lines": 27,