{"coverage": 94.93392070484582, "raw_data": {"meta": {"format": 3, "version": "7.14.1", "timestamp": "2026-06-12T20:36:28.623549", "branch_coverage": false, "show_contexts": false}, "files": {"src/__init__.py": {"executed_lines": [], "summary": {"covered_lines": 0, "num_statements": 0, "percent_covered": 100.0, "percent_covered_display": "100", "missing_lines": 0, "excluded_lines": 0, "percent_statements_covered": 100.0, "percent_statements_covered_display": "100"}, "missing_lines": [], "excluded_lines": [], "functions": {"": {"executed_lines": [], "summary": {"covered_lines": 0, "num_statements": 0, "percent_covered": 100.0, "percent_covered_display": "100", "missing_lines": 0, "excluded_lines": 0, "percent_statements_covered": 100.0, "percent_statements_covered_display": "100"}, "missing_lines": [], "excluded_lines": [], "start_line": 1}}, "classes": {"": {"executed_lines": [], "summary": {"covered_lines": 0, "num_statements": 0, "percent_covered": 100.0, "percent_covered_display": "100", "missing_lines": 0, "excluded_lines": 0, "percent_statements_covered": 100.0, "percent_statements_covered_display": "100"}, "missing_lines": [], "excluded_lines": [], "start_line": 1}}}, "src/image_converter.py": {"executed_lines": [8, 9, 10, 11, 12, 13, 14, 15, 16, 17, 18, 20, 23, 27, 30, 33, 36, 39, 42, 45, 48, 51, 52, 58, 59, 63, 64, 65, 68, 69, 75, 76, 78, 79, 80, 81, 85, 86, 88, 94, 95, 101, 112, 113, 114, 115, 116, 118, 121, 130, 133, 142, 143, 144, 145, 146, 147, 148, 149, 152, 164, 165, 166, 167, 169, 173, 176, 190, 191, 193, 194, 195, 196, 197, 200, 201, 202, 203, 204, 205, 206, 209, 223, 225, 226, 227, 229, 230, 233, 235, 236, 237, 238, 241, 244, 247, 256, 259, 265, 266, 267, 268, 271, 280, 288, 289, 290, 291, 292, 293, 295, 298, 307, 308, 309, 310, 311, 314, 329, 330, 332, 333, 334, 337, 338, 341, 342, 343, 345, 347, 348, 349, 351, 352, 353, 354, 356, 357, 358, 359, 361, 362, 363, 364, 366, 367, 368, 371, 398, 399, 400, 402, 403, 404, 407, 409, 412, 413, 414, 415, 416, 417, 418, 419, 420, 421, 424, 425, 426, 427, 429, 432, 455, 456, 457, 460, 461, 463, 466, 467, 468, 469, 472, 475, 476, 477, 478, 479, 481, 483, 484, 485, 487, 490, 491, 496, 497, 499, 500, 501, 502, 503, 504, 505, 508, 509, 510, 511, 513, 514, 517, 534, 535, 537, 539, 540, 541, 544, 545, 546, 547, 548, 549, 550, 553, 562, 563, 564, 565, 566, 568, 569, 570, 571, 573, 574, 575, 576, 578, 579, 580, 581, 582, 583, 584, 585, 587, 590, 599, 600, 601, 610, 612, 613, 615, 617, 618, 619, 622, 649, 650, 651, 652, 655, 656, 657, 658, 659, 660, 661, 662, 663, 665, 666, 667, 668, 670, 673, 674, 676, 677, 678, 679, 681, 682, 683, 685, 686, 687, 688, 690, 691, 692, 693, 694, 695, 698, 700, 701, 702, 703, 704, 705, 706, 707, 710, 714, 715, 718, 721, 722, 725, 726, 729, 730, 732, 735, 744, 756, 759, 760, 761, 762, 763, 764, 766, 768, 771, 779, 781, 787, 789, 792, 804, 807, 810, 812, 813, 815, 818, 827, 828, 829, 830, 831, 833, 836, 843, 844, 845, 846, 847, 848, 849, 850, 851, 854, 855, 857, 862, 863, 864, 865, 870, 871, 872, 873, 874, 875, 876, 877, 878, 879, 880, 881, 883, 886, 887, 893, 900, 903, 904, 905, 907, 909, 910, 911, 912, 914, 917, 919, 920, 921, 924, 925, 926, 927, 930, 931, 932, 933, 934, 935, 936, 939, 940, 943, 944, 945, 946, 947, 948, 958, 959, 960, 963, 964, 970, 973, 975, 976, 977, 981, 982, 983, 986, 987, 988, 990, 991, 996], "summary": {"covered_lines": 431, "num_statements": 454, "percent_covered": 94.93392070484582, "percent_covered_display": "95", "missing_lines": 23, "excluded_lines": 0, "percent_statements_covered": 94.93392070484582, "percent_statements_covered_display": "95"}, "missing_lines": [89, 90, 91, 242, 614, 696, 711, 719, 808, 858, 859, 866, 867, 882, 884, 888, 890, 966, 967, 968, 992, 993, 997], "excluded_lines": [], "functions": {"_check_avif_support": {"executed_lines": [58, 59, 63, 64, 65], "summary": {"covered_lines": 5, "num_statements": 5, "percent_covered": 100.0, "percent_covered_display": "100", "missing_lines": 0, "excluded_lines": 0, "percent_statements_covered": 100.0, "percent_statements_covered_display": "100"}, "missing_lines": [], "excluded_lines": [], "start_line": 52}, "_check_heif_support": {"executed_lines": [75, 76, 78, 79, 80, 81], "summary": {"covered_lines": 6, "num_statements": 6, "percent_covered": 100.0, "percent_covered_display": "100", "missing_lines": 0, "excluded_lines": 0, "percent_statements_covered": 100.0, "percent_statements_covered_display": "100"}, "missing_lines": [], "excluded_lines": [], "start_line": 69}, "get_supported_formats": {"executed_lines": [101, 112, 113, 114, 115, 116, 118], "summary": {"covered_lines": 7, "num_statements": 7, "percent_covered": 100.0, "percent_covered_display": "100", "missing_lines": 0, "excluded_lines": 0, "percent_statements_covered": 100.0, "percent_statements_covered_display": "100"}, "missing_lines": [], "excluded_lines": [], "start_line": 95}, "is_supported_format": {"executed_lines": [130], "summary": {"covered_lines": 1, "num_statements": 1, "percent_covered": 100.0, "percent_covered_display": "100", "missing_lines": 0, "excluded_lines": 0, "percent_statements_covered": 100.0, "percent_statements_covered_display": "100"}, "missing_lines": [], "excluded_lines": [], "start_line": 121}, "_normalize_format": {"executed_lines": [142, 143, 144, 145, 146, 147, 148, 149], "summary": {"covered_lines": 8, "num_statements": 8, "percent_covered": 100.0, "percent_covered_display": "100", "missing_lines": 0, "excluded_lines": 0, "percent_statements_covered": 100.0, "percent_statements_covered_display": "100"}, "missing_lines": [], "excluded_lines": [], "start_line": 133}, "_resolve_output_dir": {"executed_lines": [164, 165, 166, 167, 169], "summary": {"covered_lines": 5, "num_statements": 5, "percent_covered": 100.0, "percent_covered_display": "100", "missing_lines": 0, "excluded_lines": 0, "percent_statements_covered": 100.0, "percent_statements_covered_display": "100"}, "missing_lines": [], "excluded_lines": [], "start_line": 152}, "get_output_path": {"executed_lines": [190, 191, 193, 194, 195, 196, 197, 200, 201, 202, 203, 204, 205, 206], "summary": {"covered_lines": 14, "num_statements": 14, "percent_covered": 100.0, "percent_covered_display": "100", "missing_lines": 0, "excluded_lines": 0, "percent_statements_covered": 100.0, "percent_statements_covered_display": "100"}, "missing_lines": [], "excluded_lines": [], "start_line": 176}, "validate_input_path": {"executed_lines": [223, 225, 226, 227, 229, 230, 233, 235, 236, 237, 238, 241, 244], "summary": {"covered_lines": 13, "num_statements": 14, "percent_covered": 92.85714285714286, "percent_covered_display": "93", "missing_lines": 1, "excluded_lines": 0, "percent_statements_covered": 92.85714285714286, "percent_statements_covered_display": "93"}, "missing_lines": [242], "excluded_lines": [], "start_line": 209}, "_is_animated_image": {"executed_lines": [256], "summary": {"covered_lines": 1, "num_statements": 1, "percent_covered": 100.0, "percent_covered_display": "100", "missing_lines": 0, "excluded_lines": 0, "percent_statements_covered": 100.0, "percent_statements_covered_display": "100"}, "missing_lines": [], "excluded_lines": [], "start_line": 247}, "_get_animation_formats": {"executed_lines": [265, 266, 267, 268], "summary": {"covered_lines": 4, "num_statements": 4, "percent_covered": 100.0, "percent_covered_display": "100", "missing_lines": 0, "excluded_lines": 0, "percent_statements_covered": 100.0, "percent_statements_covered_display": "100"}, "missing_lines": [], "excluded_lines": [], "start_line": 259}, "_save_animated_image": {"executed_lines": [280, 288, 289, 290, 291, 292, 293, 295], "summary": {"covered_lines": 8, "num_statements": 8, "percent_covered": 100.0, "percent_covered_display": "100", "missing_lines": 0, "excluded_lines": 0, "percent_statements_covered": 100.0, "percent_statements_covered_display": "100"}, "missing_lines": [], "excluded_lines": [], "start_line": 271},